{
    "$schema": "https://go.kicad.org/pcm/schemas/v1",
    "name": "KiCadVerilog",
    "description": "A plugin for converting KiCad schematics to Verilog.",
    "description_full": "A plugin for converting KiCad schematics to Verilog.",
    "identifier": "com.github.galacticstudios.KiCadVerilog",
    "type": "plugin",
    "author": {
        "name": "Bob Alexander",
        "contact": {
            "web": "https://GalacticStudios.org"
        }
    },
    "maintainer": {
        "name": "Bob Alexander",
        "contact": {
            "web": "https://GalacticStudios.org"
        }
    },
    "license": "MIT",
    "resources": {
        "homepage": "https://github.com/galacticstudios/KiCadVerilog"
    },
    "versions": [
        {
            "version": "1.0",
            "status": "stable",
            "kicad_version": "6.0",
        }
    ]
}